{
  "params": {
    "type": "steady",
    "frequency": 50.0,
    "amplitude": 0.5,
    "sample_rate": 44100,
    "duration": 4.0
  },
  "features": {
    "centroid_mean": 85.52082633942621,
    "centroid_var": 104.85729159655303,
    "bandwidth_mean": 211.06621426071163,
    "bandwidth_var": 3949.020972882043,
    "flux_mean": 210.12607500261797,
    "flux_var": 128.5739510185697,
    "entropy_mean": 3.057105779647827,
    "entropy_var": 0.016598479822278023
  },
  "classified_type": "\u975e\u7a33\u6001\u566a\u58f0"
}